7p76.cif,7p76_s18a_t203a.pqr,A:18:A;A:203:A,6.5
7p76.cif,7p76_s18a_t203a_g239n.pqr,A:18:A;A:203:A;A:239:N,6.5
7p76.cif,7p76_s18a_t203a_g239e.pqr,A:18:A;A:203:A;A:239:E,6.5
7p76.cif,7p76_s18a_t203a_g239a.pqr,A:18:A;A:203:A;A:239:A,6.5
7p76.cif,7p76_s18a_t203a_g239l.pqr,A:18:A;A:203:A;A:239:L,6.5
7p76.cif,7p76_s18a_y49v_t203a.pqr,A:18:A;A:49:V;A:203:A,6.5
7p76.cif,7p76_s18a_y49l_t203a.pqr,A:18:A;A:49:L;A:203:A,6.5
7p76.cif,7p76_s18a_y49f_t203a.pqr,A:18:A;A:49:F;A:203:A,6.5
7p76.cif,7p76_s52y.pqr,A:52:Y,6.5
7p76.cif,7p76_s18a_s52g_t203a.pqr,A:18:A;A:52:G;A:203:A,6.5
7p76.cif,7p76_s18a_s52f_t203a.pqr,A:18:A;A:52:F;A:203:A,6.5
7p76.cif,7p76_s18a_s52h_t203a.pqr,A:18:A;A:52:H;A:203:A,6.5
7p76.cif,7p76_s142t_a206v.pqr,A:142:T;A:206:V,6.5
7p76.cif,7p76_s142t_v173a_a206v.pqr,A:142:T;A:173:A;A:206:V,6.5
